Var1,Freq,tags,celltype
TTTCACAAGAGTTCGG,10,10D+196_13D+212_27D+39_27D+95_2I+137T_2I+163G_2I+241T_3D+148_3I+159AA_4D+183,E
GTTGTGATCAGCTGAT,9,10D+196_13D+212_27D+39_27D+95_2I+137T_2I+163G_3D+148_3I+159AA_4D+183,C
AATCGACTCGTAGTGT,8,10D+196_13D+212_27D+39_27D+95_2I+163G_3D+148_3I+159AA_4D+183,A
AGGACTTCAGGACAGT,8,10D+196_13D+212_27D+39_27D+95_2I+163G_3D+148_3I+159AA_4D+183,A
AGGATAAAGCAATTCC,8,10D+196_13D+212_27D+39_27D+95_2I+163G_3D+148_3I+159AA_4D+183,A
AGGATAATCTAGTTCT,8,10D+196_13D+212_27D+39_27D+95_2I+163G_3D+148_3I+159AA_4D+183,A
CCACGAGAGTAAGGGA,8,10D+196_13D+212_27D+39_27D+95_2I+163G_3D+148_3I+159AA_4D+183,B
TCAAGACAGAGGGTCT,8,10D+196_13D+212_27D+39_27D+95_2I+163G_3D+148_3I+159AA_4D+183,D
ACTCTCGCATACACCA,6,10D+196_13D+212_27D+139_2I+172A_54D+56_5D+182,A
AGGTGTTCAACCTAAC,6,10D+119_10D+196_13D+212_44D+133_4D+183_8D+51,B
ACCAACAAGACTCCGC,5,10D+119_10D+196_13D+212_44D+133_4D+183,A
ACCCTCACAAGACTGG,5,10D+119_10D+196_13D+212_44D+133_4D+183,A
ACCGTTCCACTCCGAG,5,10D+119_10D+196_13D+212_44D+133_4D+183,A
AGATCCATCTCTGCCA,5,10D+119_10D+196_13D+212_44D+133_4D+183,A
AGGGCCTAGTAGTCCT,5,10D+119_10D+196_13D+212_44D+133_4D+183,A
ATCACAGGTATCACCA,5,10D+119_10D+196_13D+212_44D+133_4D+183,B
GAAGGGTAGCCTCAGC,5,10D+119_10D+196_13D+212_44D+133_4D+183,B
GATCATGTCCTACGAA,5,10D+119_10D+196_13D+212_44D+133_4D+183,C
GCTGGGTTCAAGCCTA,5,10D+119_10D+196_13D+212_44D+133_4D+183,C
TCCCATGCATATACCG,5,10D+119_10D+196_13D+212_44D+133_4D+183,D
TGCTCCATCCTCTAGC,5,10D+119_10D+196_13D+212_44D+133_4D+183,D
TTATTGCCACAAGCAG,5,10D+119_10D+196_13D+212_44D+133_4D+183,E
CTGATCCTCGGACGTC,4,108D+56_10D+196_13D+212_4D+183,B
GAGACCCTCATTCACT,4,108D+56_10D+196_13D+212_4D+183,B
AGAAATGCAAGACTGG,2,27D+139_54D+56,A
TCTTGCGCACTGTTCC,2,108D+56_24D+191,D
AAGCGAGTCTTCTGTA,1,108D+56,A
ACATGCAGTCCACACG,1,108D+56,A
ACTGATGTCATCCCGT,1,108D+56,A
AGCATCAGTAACTAAG,1,108D+56,A
CTACATTAGAGCAAGA,1,108D+56,B
CTATCCGAGATGCGAC,1,108D+56,B
GCCGATGAGTCGAAGC,1,108D+56,C
TCATTTGAGCAACTTC,1,108D+56,D
TTGGGTACAGGACTAG,1,108D+56,E
