Cell.BC,pattern,reads_num,reads_pro,umi_num,umi_pro
AAGCGAGTCTTCTGTA,108D+56_108D+56_108D+56_108D+56_108D+56_NONE_NONE,2,1,2,1
AATCGACTCGTAGTGT,27D+39_27D+39_27D+95_27D+95_3D+148&3I+159AA&2I+163G_4D+183&10D+196_10D+196&13D+212,3,1,3,1
ACATGCAGTCCACACG,108D+56_108D+56_108D+56_108D+56_108D+56_NONE_NONE,2,1,2,1
ACCAACAAGACTCCGC,NONE_NONE_NONE_10D+119&44D+133_44D+133_44D+133&4D+183&10D+196_10D+196&13D+212,2,1,2,1
ACCCTCACAAGACTGG,NONE_NONE_NONE_10D+119&44D+133_44D+133_44D+133&4D+183&10D+196_10D+196&13D+212,2,1,2,1
ACCGTTCCACTCCGAG,NONE_NONE_NONE_10D+119&44D+133_44D+133_44D+133&4D+183&10D+196_10D+196&13D+212,3,1,1,1
ACTCTCGCATACACCA,54D+56_54D+56_54D+56_27D+139_27D+139_5D+182&10D+196&2I+172A_10D+196&13D+212,2,1,1,1
ACTGATGTCATCCCGT,108D+56_108D+56_108D+56_108D+56_108D+56_NONE_NONE,2,1,2,1
AGAAATGCAAGACTGG,54D+56_54D+56_54D+56_27D+139_27D+139_NONE_NONE,2,1,2,1
AGATCCATCTCTGCCA,NONE_NONE_NONE_10D+119&44D+133_44D+133_44D+133&4D+183&10D+196_10D+196&13D+212,2,0.6667,2,0.6667
AGCATCAGTAACTAAG,108D+56_108D+56_108D+56_108D+56_108D+56_NONE_NONE,2,1,2,1
AGGACTTCAGGACAGT,27D+39_27D+39_27D+95_27D+95_3D+148&3I+159AA&2I+163G_4D+183&10D+196_10D+196&13D+212,2,1,2,1
AGGATAAAGCAATTCC,27D+39_27D+39_27D+95_27D+95_3D+148&3I+159AA&2I+163G_4D+183&10D+196_10D+196&13D+212,2,1,1,1
AGGATAATCTAGTTCT,27D+39_27D+39_27D+95_27D+95_3D+148&3I+159AA&2I+163G_4D+183&10D+196_10D+196&13D+212,2,1,2,1
AGGGCCTAGTAGTCCT,NONE_NONE_NONE_10D+119&44D+133_44D+133_44D+133&4D+183&10D+196_10D+196&13D+212,2,1,1,1
AGGTGTTCAACCTAAC,8D+51_NONE_NONE_10D+119&44D+133_44D+133_44D+133&4D+183&10D+196_10D+196&13D+212,2,0.6667,2,0.6667
ATCACAGGTATCACCA,NONE_NONE_NONE_10D+119&44D+133_44D+133_44D+133&4D+183&10D+196_10D+196&13D+212,2,1,2,1
CCACGAGAGTAAGGGA,27D+39_27D+39_27D+95_27D+95_3D+148&3I+159AA&2I+163G_4D+183&10D+196_10D+196&13D+212,2,1,2,1
CTACATTAGAGCAAGA,108D+56_108D+56_108D+56_108D+56_108D+56_NONE_NONE,3,1,3,1
CTATCCGAGATGCGAC,108D+56_108D+56_108D+56_108D+56_108D+56_NONE_NONE,2,1,1,1
CTGATCCTCGGACGTC,108D+56_108D+56_108D+56_108D+56_108D+56_4D+183&10D+196_10D+196&13D+212,2,1,1,1
GAAGGGTAGCCTCAGC,NONE_NONE_NONE_10D+119&44D+133_44D+133_44D+133&4D+183&10D+196_10D+196&13D+212,2,1,1,1
GAGACCCTCATTCACT,108D+56_108D+56_108D+56_108D+56_108D+56_4D+183&10D+196_10D+196&13D+212,3,1,2,1
GATCATGTCCTACGAA,NONE_NONE_NONE_10D+119&44D+133_44D+133_44D+133&4D+183&10D+196_10D+196&13D+212,3,0.75,3,0.75
GCCGATGAGTCGAAGC,108D+56_108D+56_108D+56_108D+56_108D+56_NONE_NONE,2,1,2,1
GCTGGGTTCAAGCCTA,NONE_NONE_NONE_10D+119&44D+133_44D+133_44D+133&4D+183&10D+196_10D+196&13D+212,4,0.8,3,0.75
GTTGTGATCAGCTGAT,27D+39_27D+39_27D+95_27D+95&2I+137T_3D+148&3I+159AA&2I+163G_4D+183&10D+196_10D+196&13D+212,2,1,2,1
TCAAGACAGAGGGTCT,27D+39_27D+39_27D+95_27D+95_3D+148&3I+159AA&2I+163G_4D+183&10D+196_10D+196&13D+212,2,1,1,1
TCATTTGAGCAACTTC,108D+56_108D+56_108D+56_108D+56_108D+56_NONE_NONE,2,1,2,1
TCCCATGCATATACCG,NONE_NONE_NONE_10D+119&44D+133_44D+133_44D+133&4D+183&10D+196_10D+196&13D+212,2,0.6667,1,0.5
TCTTGCGCACTGTTCC,108D+56_108D+56_108D+56_108D+56_108D+56_24D+191_24D+191,3,1,2,1
TGCTCCATCCTCTAGC,NONE_NONE_NONE_10D+119&44D+133_44D+133_44D+133&4D+183&10D+196_10D+196&13D+212,2,1,2,1
TTATTGCCACAAGCAG,NONE_NONE_NONE_10D+119&44D+133_44D+133_44D+133&4D+183&10D+196_10D+196&13D+212,2,1,2,1
TTGGGTACAGGACTAG,108D+56_108D+56_108D+56_108D+56_108D+56_NONE_NONE,2,1,2,1
TTTCACAAGAGTTCGG,27D+39_27D+39_27D+95_27D+95&2I+137T_3D+148&3I+159AA&2I+163G_4D+183&10D+196_10D+196&13D+212&2I+241T,2,1,1,1
